N_hat,N_sd,T_hat,T_sd,R_hat,R_sd,pub_id,date,year
0.0,0.0,0.18881429810976208,0.10673798899213037,-0.18881429810976208,0.053368994496065185,p189,1969-01-01,1969
0.0,0.0,0.16266083937486253,0.09173484506302243,-0.16266083937486253,0.045867422531511215,p190,1969-09-01,1969
0.0,0.0,0.28638642114390034,0.1364132776416877,-0.28638642114390034,0.06820663882084385,p187,1970-01-01,1970
0.0,0.0,0.20808498439974416,0.12079412555898493,-0.20808498439974416,0.060397062779492465,p186,1970-06-01,1970
0.0,0.0,0.37744353098833033,0.12380880615782146,-0.37744353098833033,0.06190440307891073,p188,1970-08-01,1970
0.0,0.0,0.15914072377793867,0.0833825356301915,-0.15914072377793867,0.04169126781509575,p116,1971-01-01,1971
0.0,0.0,0.21092544655946927,0.12292738340003118,-0.21092544655946927,0.06146369170001559,p117,1971-07-01,1971
0.0,0.0,0.15892177911846342,0.05897506158517556,-0.15892177911846342,0.02948753079258778,p110,1971-12-01,1971
0.0,0.0,0.18115546465323862,0.10195844849960538,-0.18115546465323862,0.05097922424980269,p216,1972-01-01,1972
0.0,0.0,0.23118966328575227,0.11601122029187087,-0.23118966328575227,0.058005610145935436,p217,1972-04-01,1972
0.0,0.0,0.1474736071995607,0.070512303835835,-0.1474736071995607,0.0352561519179175,p215,1972-11-01,1972
0.0,0.0,0.23892575032601573,0.1549085248079002,-0.23892575032601573,0.0774542624039501,p108,1973-01-01,1973
0.0,0.0,0.19304052026395616,0.1442722982950868,-0.19304052026395616,0.0721361491475434,p109,1973-01-01,1973
0.0,0.0,0.18856166306770722,0.12804152398706423,-0.18856166306770722,0.06402076199353211,p239,1973-11-01,1973
0.0,0.0,0.25367461179919387,0.15196399938193175,-0.25367461179919387,0.07598199969096588,p107,1973-12-01,1973
0.0,0.0,0.3098321102773022,0.15413837404658792,-0.3098321102773022,0.07706918702329396,p237,1974-01-01,1974
0.0,0.0,0.1858391504861552,0.11866117601944393,-0.1858391504861552,0.05933058800972196,p238,1974-01-01,1974
0.0,0.0,0.241896534693992,0.12498759031011852,-0.241896534693992,0.06249379515505926,p240,1974-10-01,1974
0.0,0.0,0.20162091612856667,0.13376726781749756,-0.20162091612856667,0.06688363390874878,p218,1975-12-01,1975
0.0,0.0,0.20231955130958026,0.11444484567128724,-0.20231955130958026,0.05722242283564362,p219,1975-12-01,1975
0.3198594236852281,0.12677846955499517,0.2405893141151087,0.1310921492514613,0.07927010957011937,0.12893530940322823,p191,1977-03-01,1977
0.2910719215450492,0.13684246077652923,0.23187574483512338,0.12755237166210623,0.0591961767099258,0.13219741621931774,p155,1978-01-01,1978
0.16047305214530588,0.08662935383000141,0.22515955143795993,0.1558849647115833,-0.06468649929265405,0.12125715927079236,p153,1978-06-01,1978
0.23416877396710412,0.11828783632225343,0.24412332710905274,0.144583142252189,-0.009954553141948624,0.1314354892872212,p154,1978-07-01,1978
0.22974800370202705,0.11762520022421984,0.2683512207418666,0.1429091537896096,-0.03860321703983957,0.13026717700691473,p80,1979-09-01,1979
0.17203715446407467,0.10289994616746659,0.2434653023742391,0.1732783138214809,-0.07142814791016444,0.13808912999447376,p160,1980-01-01,1980
0.15364173164830622,0.05647763256603908,0.2316619041515825,0.15021088977756597,-0.07802017250327628,0.10334426117180252,p144,1980-01-01,1980
0.15481780749129345,0.07309737920184527,0.24700924676490915,0.15370798132922767,-0.0921914392736157,0.11340268026553646,p164,1980-01-01,1980
0.15289466080590114,0.056193802971623096,0.25595294362389887,0.14194508325151503,-0.10305828281799773,0.09906944311156907,p163,1980-01-01,1980
0.14574487874432215,0.0741546575283245,0.25823509219508517,0.14553939881604963,-0.11249021345076302,0.10984702817218706,p161,1980-01-01,1980
0.6098947588746245,0.08994174284214508,0.6318979863074299,0.1581147755019986,-0.02200322743280536,0.12402825917207183,p162,1980-06-01,1980
0.3052706963874707,0.15870892369470094,0.27051005316262644,0.16303450992105878,0.034760643224844234,0.16087171680787987,p222,1981-02-01,1981
0.176371216081506,0.11738326505006841,0.25855495989028904,0.12779759258411602,-0.08218374380878304,0.12259042881709221,p220,1981-06-01,1981
0.23914140679646692,0.1268841505707183,0.3443616688412301,0.15836855509337833,-0.10522026204476317,0.14262635283204833,p221,1981-06-01,1981
0.23993600728889464,0.1445676521146879,0.21659167104183746,0.13419649552069365,0.023344336247057174,0.13938207381769077,p143,1982-01-01,1982
0.34504075684968455,0.11596832162126158,0.4734021391641207,0.17412375643931044,-0.12836138231443617,0.145046039030286,p236,1983-01-01,1983
0.3295583361700107,0.16465368186429205,0.22517286860947813,0.1436348669904838,0.10438546756053255,0.15414427442738793,p232,1983-01-01,1983
0.29380570872084716,0.12988899228117742,0.40998918341895374,0.15848766700879124,-0.11618347469810658,0.14418832964498435,p233,1983-01-01,1983
0.25894596763366134,0.16681735694549482,0.18844952334532608,0.10874708293761448,0.07049644428833526,0.13778221994155465,p234,1983-05-01,1983
0.2123831772481087,0.11980001060002798,0.28253888355948154,0.13929907397406704,-0.07015570631137283,0.12954954228704751,p231,1983-08-01,1983
0.20578865292986506,0.11837493652684815,0.2886314575892433,0.12875395774830506,-0.08284280465937824,0.12356444713757661,p235,1983-10-01,1983
0.3406347539782462,0.13735338324205254,0.4809153524157437,0.12467674663063567,-0.14028059843749746,0.1310150649363441,p88,1984-10-01,1984
0.5213009251701008,0.15940427427764406,0.3423043332565873,0.13454980725279944,0.17899659191351353,0.14697704076522175,p127,1985-03-01,1985
0.2567111876952145,0.17369397811160406,0.1645552576512143,0.08254797612909465,0.09215593004400022,0.12812097712034937,p126,1985-06-01,1985
0.2187706805753346,0.1539022622073705,0.19330031996143046,0.11039575460797937,0.025470360613904147,0.13214900840767493,p125,1985-10-01,1985
0.3731985410307545,0.18744598426757203,0.23416002062659227,0.12824401321599377,0.13903852040416223,0.1578449987417829,p124,1985-11-01,1985
0.3724104734461533,0.19929264382215925,0.2518108429067723,0.12933490924598584,0.120599630539381,0.16431377653407253,p115,1986-01-01,1986
0.25620325736028493,0.17070641840953177,0.16851676296421184,0.08901152832953788,0.0876864943960731,0.12985897336953484,p111,1986-01-01,1986
0.34616036104129433,0.21171450645968476,0.2471064252841028,0.12431647388052018,0.09905393575719154,0.16801549017010248,p113,1986-01-01,1986
0.2707830275936693,0.13912814499252918,0.223649909543478,0.11549238072742583,0.0471331180501913,0.1273102628599775,p112,1986-06-01,1986
0.22597886036640577,0.11965336664543011,0.16896074071937925,0.09395730892065217,0.05701811964702652,0.10680533778304113,p114,1986-12-01,1986
0.30609122062912913,0.1777312031204325,0.23605836467908836,0.11153642001733481,0.07003285595004077,0.14463381156888366,p77,1987-06-01,1987
0.2645711348085699,0.1727345177617941,0.21376141436796106,0.10552339883697442,0.05080972044060886,0.13912895829938426,p78,1987-12-01,1987
0.22157323281845065,0.12657923075312258,0.16582966499223759,0.09017963712148364,0.055743567826213064,0.10837943393730311,p79,1987-12-01,1987
0.2234492902943652,0.14644584503288208,0.1784962135299385,0.09293830414805872,0.0449530767644267,0.1196920745904704,p87,1988-01-01,1988
0.3048969638338333,0.14086839601689266,0.29856191089732603,0.13423196828070486,0.006335052936507268,0.13755018214879877,p85,1988-03-01,1988
0.2037378427529355,0.11309394571639961,0.1640761972574073,0.09310009304359042,0.0396616454955282,0.10309701937999502,p86,1988-06-01,1988
0.20805839769190107,0.10906584200455695,0.1872493090236655,0.10495923011843405,0.02080908866823558,0.1070125360614955,p82,1989-01-01,1989
0.1942809281682121,0.10787178569674329,0.17174612125310626,0.0948803230792258,0.022534806915105843,0.10137605438798454,p83,1989-01-01,1989
0.1938184591937442,0.11061088295011234,0.17431724750306934,0.0893637455847782,0.01950121169067487,0.09998731426744528,p81,1989-03-01,1989
0.2632101786454151,0.12497779619204674,0.2653241901408465,0.12842092752602519,-0.0021140114954313893,0.12669936185903596,p84,1989-06-01,1989
0.3462340083030102,0.13266583157422757,0.35629511462125085,0.1289256042694132,-0.010061106318240642,0.13079571792182038,p192,1990-01-01,1990
0.2575116459467896,0.12493474740089817,0.26911753620165096,0.12147798843324302,-0.011605890254861362,0.1232063679170706,p227,1991-01-01,1991
0.17163656045309125,0.07370647743092183,0.1616611432266394,0.07892727514671831,0.009975417226451844,0.07631687628882007,p230,1991-01-01,1991
0.3608254539620711,0.14191102002158157,0.3371312655827231,0.10760199218703509,0.023694188379348002,0.12475650610430833,p223,1991-01-01,1991
0.17388116883788385,0.08847351632583271,0.13923061481426474,0.0495108059298173,0.03465055402361911,0.068992161127825,p225,1991-01-01,1991
0.18862841612494208,0.1010726084491005,0.19184662126417304,0.09882609736887378,-0.003218205139230962,0.09994935290898714,p229,1991-01-01,1991
0.17131850739753313,0.09111391557817813,0.16857762423477105,0.08096606485240093,0.002740883162762081,0.08603999021528953,p228,1991-10-01,1991
0.1957322962077719,0.1017239751720329,0.1748349540227337,0.10310159560364962,0.02089734218503822,0.10241278538784127,p224,1991-10-01,1991
0.15678961076337608,0.0908572367689603,0.18009611520255242,0.08711448003424066,-0.02330650443917634,0.08898585840160048,p226,1991-10-01,1991
0.18908724816141392,0.09742958633107664,0.17753207970144905,0.09648233260764366,0.011555168459964876,0.09695595946936014,p131,1992-01-01,1992
0.21430830484608104,0.10751820742817339,0.19105631845309334,0.11251868501421812,0.0232519863929877,0.11001844622119575,p133,1992-03-01,1992
0.2545952425101201,0.11205848591872546,0.3003993970923201,0.13871685789224328,-0.045804154582199996,0.12538767190548436,p128,1992-03-01,1992
0.27312560627792215,0.1277623627689191,0.33284316282811277,0.14296295760933045,-0.05971755655019062,0.1353626601891248,p129,1992-04-01,1992
0.17057795183316146,0.09220184897306748,0.18166882885748475,0.08187097354804163,-0.011090877024323292,0.08703641126055456,p132,1992-04-01,1992
0.1765784304890534,0.10428407327406598,0.17816214950410836,0.08332702169333668,-0.0015837190150549685,0.09380554748370133,p130,1992-11-01,1992
0.17125302741295226,0.09015959380044197,0.18788376300848358,0.07932270728991649,-0.016630735595531326,0.08474115054517922,p256,1993-01-01,1993
0.17083347559984433,0.08720057727699344,0.22182431506776717,0.11328632299762778,-0.05099083946792285,0.10024345013731062,p251,1993-01-01,1993
0.2250119364585544,0.11192635056451437,0.1999389777268703,0.09852630775487865,0.02507295873168411,0.10522632915969651,p253,1993-01-01,1993
0.24480400066386593,0.11853254357383051,0.303307193389499,0.15254529114661225,-0.05850319272563309,0.1355389173602214,p252,1993-01-01,1993
0.21202735980704765,0.11485948566300098,0.1818245006807019,0.08852198460985113,0.030202859126345738,0.10169073513642606,p258,1993-06-01,1993
0.16589068244240654,0.08121547044022805,0.21686357360219874,0.11881000681068031,-0.0509728911597922,0.10001273862545418,p250,1993-08-01,1993
0.16966935567128363,0.08773265904564585,0.1805605866412059,0.08581849617939778,-0.010891230969922255,0.08677557761252182,p254,1993-09-01,1993
0.2050139924085974,0.10048595547921191,0.2639844256367513,0.14314778906147868,-0.05897043322815387,0.1218168722703453,p255,1993-11-01,1993
0.16740890759461968,0.09031583303430428,0.18948344915967216,0.08926614006521692,-0.02207454156505248,0.0897909865497606,p257,1993-12-01,1993
0.4139325102229585,0.10671387597039178,0.36159096668301105,0.14961006502420565,0.052341543539947466,0.12816197049729872,p147,1994-01-01,1994
0.16535411820249124,0.10074391290584735,0.1840116120766273,0.0880163512151051,-0.018657493874136066,0.09438013206047621,p145,1994-04-01,1994
0.3311656889831079,0.12461056017935332,0.32369411077788346,0.14630645199718798,0.007471578205224427,0.13545850608827065,p150,1994-06-01,1994
0.20642931910784898,0.10932810899118217,0.2016095998099503,0.12295259241526339,0.004819719297898678,0.11614035070322279,p151,1994-07-01,1994
0.24413905707337913,0.12399285540672296,0.2575884080147315,0.1370327326995096,-0.013449350941352356,0.13051279405311628,p149,1994-07-01,1994
0.19566727629860287,0.1118070231337051,0.21691088384249566,0.11326768720954579,-0.02124360754389279,0.11253735517162544,p146,1994-09-01,1994
0.24368274919703678,0.12971379285399215,0.3056507377768531,0.14080261611449094,-0.06196798857981631,0.13525820448424153,p152,1994-10-01,1994
0.2463673680424951,0.12295217560076227,0.17248857751769672,0.09059635630962957,0.07387879052479837,0.10677426595519593,p148,1994-12-01,1994
0.29523290146428893,0.1379505941540886,0.20617133627845705,0.11192836147975459,0.08906156518583189,0.1249394778169216,p156,1995-01-01,1995
0.21647147627751878,0.10849346877720718,0.1673074946995393,0.08235377935566622,0.04916398157797949,0.0954236240664367,p158,1995-01-01,1995
0.19409214784863627,0.09732126622153764,0.18244290848246833,0.07966395016877081,0.011649239366167935,0.08849260819515423,p157,1995-02-01,1995
0.20852677802217856,0.11762055871634226,0.2684827011750015,0.14432162588305675,-0.05995592315282294,0.1309710922996995,p159,1995-08-01,1995
0.2864918191917183,0.15618924476323776,0.2302558160018337,0.11925607289090455,0.05623600318988459,0.13772265882707116,p177,1996-01-01,1996
0.18506475664473773,0.07950726250248646,0.18663122159107615,0.09135950563678154,-0.001566464946338414,0.085433384069634,p180,1996-01-01,1996
0.17285938537046536,0.08354856656072414,0.20728673909785025,0.10121992302746778,-0.034427353727384896,0.09238424479409596,p184,1996-01-01,1996
0.2250156934509208,0.12228984211189964,0.17758140681337503,0.10060571743246276,0.04743428663754576,0.1114477797721812,p181,1996-03-01,1996
0.2213739565615181,0.11926750534529938,0.18633667505196236,0.09683106190112861,0.035037281509555734,0.108049283623214,p182,1996-05-01,1996
0.20923750086416976,0.11387338701463816,0.2629233334136836,0.1353496891438472,-0.05368583254951387,0.12461153807924269,p179,1996-06-01,1996
0.3605421442575659,0.14651439174714448,0.3044359067527815,0.151111338030722,0.05610623750478444,0.14881286488893325,p185,1996-07-01,1996
0.18869553162227848,0.08796365768660669,0.20172829289523228,0.0958802862276214,-0.013032761272953802,0.09192197195711405,p178,1996-10-01,1996
0.2242622930777072,0.12059138152975658,0.21265223423455107,0.12820362679455014,0.011610058843156135,0.12439750416215337,p183,1996-12-01,1996
0.19749731714072744,0.10344898495471591,0.23524457467509233,0.12104643212399675,-0.03774725753436489,0.11224770853935634,p121,1997-01-01,1997
0.18636605530423306,0.11101608867583346,0.23817097391402617,0.11823359498359448,-0.05180491860979311,0.11462484182971397,p119,1997-01-01,1997
0.17251551309372912,0.06052351032871127,0.21038952198752744,0.08515337906351672,-0.03787400889379833,0.072838444696114,p122,1997-01-01,1997
0.21537160892605414,0.11291999539259892,0.2361049363552579,0.14130803001316192,-0.02073332742920375,0.12711401270288042,p273,1997-01-01,1997
0.34774897927799475,0.13510119544921248,0.36340881518491475,0.16857240928688474,-0.015659835906919994,0.1518368023680486,p120,1997-02-01,1997
0.16257035802638956,0.08094533524473363,0.20279506438469408,0.11502477093426787,-0.040224706358304524,0.09798505308950076,p123,1997-05-01,1997
0.27769434508962276,0.1322619218957577,0.3435372417110873,0.1823744387177427,-0.06584289662146453,0.1573181803067502,p118,1997-11-01,1997
0.17529976340541126,0.08828074811686669,0.22672042525790934,0.14963966767965795,-0.05142066185249808,0.11896020789826231,p90,1998-01-01,1998
0.3361948003748342,0.14877347809011476,0.2988438321387508,0.1537638537817551,0.03735096823608336,0.15126866593593494,p96,1998-01-01,1998
0.18275300617328083,0.0811291335503872,0.2096848677894818,0.10259149890134248,-0.02693186161620098,0.09186031622586484,p94,1998-01-01,1998
0.2906518007359164,0.14449212594859234,0.27083238200685683,0.13992808871042575,0.019819418729059568,0.14221010732950906,p93,1998-06-01,1998
0.1833294663806838,0.09982925831113296,0.2176305703563119,0.1443290759140048,-0.034301103975628106,0.12207916711256887,p91,1998-09-01,1998
0.17467229164193168,0.08803988253939266,0.21393428261738318,0.11155160857052407,-0.039261990975451494,0.09979574555495836,p92,1998-10-01,1998
0.19178509946036465,0.11234492480362497,0.2377144507908823,0.1617487793143979,-0.04592935133051765,0.13704685205901143,p95,1998-10-01,1998
0.20936289314827783,0.10152195311586508,0.21781350823384313,0.08437721619219073,-0.0084506150855653,0.0929495846540279,p89,1998-11-01,1998
0.3800980706682715,0.15536216544742693,0.35390456936112397,0.15620703734962152,0.026193501307147538,0.15578460139852424,p241,1999-01-01,1999
0.2820776377113087,0.145768534051805,0.28163281087061187,0.13781208052288707,0.00044482684069685474,0.14179030728734604,p139,1999-03-01,1999
0.23627557151799655,0.13138363900803637,0.25915234436201723,0.12091598996180833,-0.022876772844020676,0.12614981448492235,p242,1999-03-01,1999
0.2296052437783317,0.13678518058838232,0.2116283306663564,0.15005303671460288,0.0179769131119753,0.1434191086514926,p249,1999-04-01,1999
0.3109614679541563,0.15837225841402214,0.31783267399848075,0.16048561039875409,-0.006871206044324452,0.1594289344063881,p243,1999-05-01,1999
0.2719314359217044,0.14900890750635412,0.2586715835859781,0.11642122606560819,0.013259852335726297,0.13271506678598116,p244,1999-06-01,1999
0.23549653590175035,0.14765603437015917,0.24587382101109764,0.15330983760002292,-0.010377285109347295,0.15048293598509105,p246,1999-10-01,1999
0.25058345235665663,0.13081920046537301,0.21425711874767997,0.095491982819725,0.03632633360897666,0.11315559164254901,p245,1999-11-01,1999
0.21354355116959967,0.12224784106548149,0.21124133810069612,0.14096123711734088,0.002302213068903547,0.13160453909141118,p248,1999-11-01,1999
0.2594132483123328,0.16054935461992303,0.2961307275008658,0.1559154066663516,-0.036717479188532964,0.15823238064313733,p247,1999-12-01,1999
0.4520219955649461,0.1613324399947393,0.41789069054494865,0.12930840691125187,0.03413130501999745,0.1453204234529956,p174,2000-01-01,2000
0.22962927070685946,0.14200001289337832,0.195492703474329,0.12742349465283717,0.034136567232530446,0.13471175377310773,p166,2000-03-01,2000
0.22554521996463803,0.1473918062990896,0.19980012712339681,0.1222027420927936,0.025745092841241213,0.1347972741959416,p165,2000-03-01,2000
0.2449205916724378,0.12882545192723005,0.206268943412348,0.10281522822257258,0.038651648260089794,0.11582034007490132,p167,2000-04-01,2000
0.2181132532077493,0.15303243643089903,0.19127910087788988,0.12711403112588274,0.026834152329859418,0.14007323377839087,p175,2000-08-01,2000
0.310264436071873,0.15473550973176262,0.28230977316784783,0.12487329514079816,0.02795466290402515,0.1398044024362804,p168,2000-09-01,2000
0.21979658855975237,0.14888583560265373,0.1736948619446146,0.11296715589710371,0.046101726615137784,0.13092649574987872,p172,2000-09-01,2000
0.22101838582397396,0.08675887969838658,0.148594893610716,0.0678574928044532,0.07242349221325795,0.07730818625141989,p173,2000-12-01,2000
0.21179840370452124,0.10914985632920841,0.1577220901975863,0.09824586904324258,0.05407631350693495,0.1036978626862255,p176,2000-12-01,2000
0.20621444389333848,0.10088046148548045,0.15905702552395384,0.08051618257781565,0.04715741836938464,0.09069832203164804,p195,2001-01-01,2001
0.24134694722697,0.15658650948928177,0.26836713361886216,0.13739672131701763,-0.02702018639189216,0.1469916154031497,p201,2001-03-01,2001
0.26959751689536027,0.13120440091078733,0.20150383690233742,0.10210629587019131,0.06809367999302285,0.11665534839048933,p194,2001-03-01,2001
0.18293634322896138,0.10949282930325653,0.16188773069980153,0.10714041879031547,0.02104861252915985,0.10831662404678599,p197,2001-03-01,2001
0.2604170631227454,0.12033995456094097,0.19943107298171317,0.08234499276991471,0.060985990141032204,0.10134247366542784,p198,2001-04-01,2001
0.18089579946177395,0.09928265047726044,0.15574114537355385,0.08732519641621064,0.025154654088220096,0.09330392344673555,p202,2001-06-01,2001
0.24819558137182254,0.12381052594145077,0.221728045943685,0.10941318928377478,0.02646753542813754,0.11661185761261278,p170,2001-10-01,2001
0.2950945561872179,0.136465029818663,0.2957782753485777,0.1262605655482077,-0.0006837191613597859,0.13136279768343534,p200,2001-10-01,2001
0.22027281701807952,0.08846696602462156,0.19981919129354786,0.08779418968837224,0.02045362572453166,0.0881305778564969,p193,2001-10-01,2001
0.1830815592003114,0.12347048087437709,0.14329427213913853,0.0914366326679956,0.03978728706117288,0.10745355677118634,p169,2001-10-01,2001
0.20933109149859644,0.10003244094913852,0.22495909993150662,0.09277661349281,-0.01562800843291018,0.09640452722097426,p196,2001-12-01,2001
0.20411282680876713,0.12632645384437785,0.1861931271515372,0.11563571946726028,0.01791969965722992,0.12098108665581907,p141,2002-01-01,2002
0.1997882004098269,0.13171844407464933,0.1963072866746121,0.10698867999904012,0.00348091373521478,0.11935356203684472,p137,2002-01-01,2002
0.17071139539007033,0.10693380404819931,0.1555718258275552,0.09965901176779454,0.015139569562515137,0.10329640790799693,p199,2002-01-01,2002
0.1785314070948866,0.11822855589428959,0.18187093891727257,0.10237981443020408,-0.0033395318223859716,0.11030418516224683,p142,2002-01-01,2002
0.17321855833459984,0.04997271917257019,0.15783162857676974,0.08438920699830728,0.015386929757830098,0.06718096308543874,p135,2002-01-01,2002
0.1563842998986332,0.10467246181207669,0.17890608347171538,0.0984071170154737,-0.022521783573082182,0.1015397894137752,p171,2002-01-01,2002
0.1476513600076079,0.08456118834166254,0.1699798076593877,0.09375989545460664,-0.022328447651779798,0.08916054189813459,p136,2002-02-01,2002
0.2990676211718079,0.12073102875729701,0.2814821349746519,0.11833648825048369,0.017585486197155997,0.11953375850389035,p134,2002-02-01,2002
0.17016347110118338,0.1115857221823626,0.18422074635684435,0.08489779434997075,-0.014057275255660973,0.09824175826616667,p140,2002-06-01,2002
0.2668024176653295,0.13060380805727037,0.2489317870776339,0.11632276080128856,0.01787063058769564,0.12346328442927947,p138,2002-10-01,2002
0.1648334000859001,0.0502827589455552,0.14084943244884676,0.09120131184176486,0.02398396763705335,0.07074203539366003,p204,2003-02-01,2003
0.16285191141935332,0.05542335707945718,0.1533269644886871,0.08620339712423208,0.009524946930666217,0.07081337710184463,p103,2003-02-01,2003
0.15307271210116205,0.06434284967105572,0.14723130531367506,0.08485034490165091,0.005841406787486986,0.07459659728635332,p97,2003-02-01,2003
0.16028445309808567,0.05717753087620475,0.14037992140500644,0.09128782467075422,0.019904531693079236,0.07423267777347949,p106,2003-03-01,2003
0.3761749759780921,0.12268427642592858,0.4192910515022981,0.11877756141778036,-0.04311607552420604,0.12073091892185447,p102,2003-04-01,2003
0.15961283055099024,0.0935162055044316,0.19958293154520654,0.12073621381667657,-0.0399701009942163,0.10712620966055408,p101,2003-04-01,2003
0.14701409342285263,0.07938786783978603,0.1990181100402657,0.11605209973217961,-0.05200401661741308,0.09771998378598282,p104,2003-06-01,2003
0.14459877131732427,0.0768481042393621,0.19490861610888097,0.11540227987043421,-0.0503098447915567,0.09612519205489815,p100,2003-06-01,2003
0.14098631786627275,0.08052939495215958,0.19483617586334392,0.11226982222377678,-0.05384985799707118,0.09639960858796817,p99,2003-06-01,2003
0.2846008052005833,0.10927953822921227,0.18386244369371416,0.08709514828417107,0.10073836150686913,0.09818734325669168,p98,2003-06-01,2003
0.14308230659141175,0.08429823542148243,0.19675282520677193,0.11505745881385658,-0.05367051861536018,0.0996778471176695,p105,2003-09-01,2003
0.17237600342150022,0.10274949158536004,0.30769060820090705,0.1275565347996639,-0.13531460477940682,0.11515301319251196,p207,2004-01-01,2004
0.21308671748983307,0.10525663302750668,0.3770944814719267,0.13479542667176234,-0.16400776398209363,0.12002602984963451,p208,2004-01-01,2004
0.16896468878367138,0.08547655247842867,0.21156012199654634,0.13805308628257332,-0.042595433212874956,0.111764819380501,p210,2004-03-01,2004
0.16454268503585803,0.09170323688280085,0.21917725889900025,0.12992329948889692,-0.054634573863142216,0.11081326818584888,p214,2004-03-01,2004
0.22101113766419894,0.10471561962611409,0.20602029603088787,0.12828964961792863,0.014990841633311075,0.11650263462202136,p213,2004-04-01,2004
0.14407435066003169,0.08539753820956007,0.2592486325999878,0.1285086321074362,-0.11517428193995613,0.10695308515849813,p205,2004-04-01,2004
0.16426813587526357,0.09090780063503491,0.2134948956974888,0.12595462755942172,-0.04922675982222524,0.1084312140972283,p211,2004-05-01,2004
0.29780735193348645,0.12090168412387123,0.2261844236593963,0.16217162450021713,0.07162292827409014,0.14153665431204418,p203,2004-05-01,2004
0.24020295576554482,0.11591499349265803,0.215272057996489,0.14142708036245924,0.024930897769055826,0.12867103692755863,p209,2004-08-01,2004
0.15134276029644922,0.09048985281080686,0.21626803035161496,0.12721377318582008,-0.06492527005516574,0.10885181299831348,p206,2004-08-01,2004
0.14552189202953403,0.0882848112156592,0.22340990703464395,0.13673832588550977,-0.07788801500510992,0.11251156855058449,p31,2004-12-01,2004
0.14024332816682789,0.09258944437907476,0.23276678022424707,0.12903188425243148,-0.09252345205741919,0.11081066431575312,p212,2004-12-01,2004
0.3650975569624753,0.13109498498506056,0.27399429953851745,0.18155179457809972,0.09110325742395786,0.15632338978158014,p27,2005-01-01,2005
0.3297527613305617,0.1341991080301865,0.2954246294285595,0.17170946498622083,0.03432813190200218,0.15295428650820367,p21,2005-01-01,2005
0.21775198835499485,0.1022145889839678,0.2133374576781381,0.15547647757169614,0.004414530676856737,0.12884553327783196,p22,2005-01-01,2005
0.23137145888096108,0.11633695745613609,0.25294267714499374,0.1596319754487992,-0.02157121826403266,0.13798446645246765,p24,2005-06-01,2005
0.18614377752205186,0.10667921438363959,0.21823379984195646,0.12233767764289818,-0.0320900223199046,0.11450844601326889,p43,2005-07-01,2005
0.21259457666831047,0.10733777068320943,0.27470085699725594,0.16497405865481915,-0.06210628032894547,0.13615591466901428,p45,2005-10-01,2005
0.2541120254528608,0.13531113728657498,0.34590043281706506,0.1671973353238458,-0.09178840736420424,0.1512542363052104,p39,2005-10-01,2005
0.4998041230589639,0.1347731232049249,0.4248173091497288,0.17329443564881133,0.07498681390923506,0.15403377942686813,p40,2005-10-01,2005
0.39140779191231756,0.15874645637898893,0.462965044525073,0.1400984310275372,-0.07155725261275542,0.14942244370326307,p48,2005-10-01,2005
0.5123012648474732,0.1635427859320803,0.42028150792494645,0.13757657782365645,0.09201975692252673,0.1505596818778684,p44,2005-10-01,2005
0.27361792539204466,0.13419162260805617,0.19164159329843758,0.07666994840899652,0.08197633209360708,0.10543078550852635,p33,2005-11-01,2005
0.20992378907856035,0.1398440883657261,0.19814842956381024,0.12644933448469686,0.011775359514750117,0.13314671142521148,p42,2005-11-01,2005
0.20770969988056362,0.1351692683941466,0.19787158734297208,0.11966382004185405,0.009838112537591537,0.12741654421800033,p38,2005-11-01,2005
0.21402285184852526,0.12119332560494123,0.17987627559132616,0.09730276035993977,0.03414657625719911,0.10924804298244051,p30,2005-12-01,2005
0.2564495696986792,0.12946413968441065,0.1914939811570256,0.09169931190430045,0.06495558854165362,0.11058172579435555,p28,2006-01-01,2006
0.24021274635320186,0.14076976783962564,0.20789239197212708,0.08347880959352998,0.03232035438107478,0.11212428871657781,p34,2006-01-01,2006
0.20872398326559977,0.13529632129910835,0.21069708737889034,0.13911617921933303,-0.0019731041132905747,0.13720625025922067,p25,2006-01-01,2006
0.2157674756083053,0.12363420736874114,0.21934021031586245,0.08803828116477358,-0.003572734707557146,0.10583624426675736,p29,2006-01-01,2006
0.20100656548814494,0.13568314861308506,0.21066016112875982,0.13297673489682343,-0.009653595640614882,0.13432994175495425,p49,2006-01-01,2006
0.21967458137053122,0.1569811880346067,0.24640318767438052,0.16454948551294687,-0.026728606303849295,0.1607653367737768,p20,2006-02-01,2006
0.2500529317443559,0.12837646728656846,0.2349825664279319,0.09444656374447503,0.015070365316424,0.11141151551552175,p37,2006-03-01,2006
0.19688389656097563,0.13258116136961517,0.20743662118616035,0.1258896463189869,-0.010552724625184723,0.12923540384430104,p32,2006-04-01,2006
0.26553273740661054,0.12992671027351896,0.2720513505182389,0.10694647891131345,-0.00651861311162838,0.1184365945924162,p41,2006-04-01,2006
0.32091613283753556,0.13665987294944784,0.3325093837576166,0.15355758052611643,-0.01159325092008101,0.14510872673778213,p23,2006-04-01,2006
0.3078448826978112,0.14990608610025993,0.34442110433844586,0.13216564107178716,-0.036576221640634676,0.14103586358602355,p26,2006-04-01,2006
0.2769702855591214,0.14579541145803362,0.333371415254162,0.11786883214420049,-0.056401129695040575,0.13183212180111706,p47,2006-04-01,2006
0.24806846640641328,0.16135107145312758,0.16897638335672494,0.12844340602141305,0.07909208304968834,0.1448972387372703,p46,2006-05-01,2006
0.2180467189928135,0.15133723792648454,0.185954136193775,0.12628706842606913,0.03209258279903851,0.13881215317627682,p35,2006-05-01,2006
0.28580133612334707,0.13025323187086196,0.3514154148131418,0.12907637075133724,-0.06561407868979474,0.1296648013110996,p36,2006-07-01,2006
0.16140044446711638,0.0759802348787545,0.17382311235151832,0.09112375922387131,-0.012422667884401939,0.0835519970513129,p9,2006-12-01,2006
0.18108956417669198,0.06541044664908072,0.23644428621009103,0.11206927839301675,-0.055354722033399056,0.08873986252104873,p4,2007-01-01,2007
0.26260234280652395,0.13772537299538268,0.2022704547654625,0.13519622198439135,0.06033188804106146,0.13646079748988701,p17,2007-04-01,2007
0.39923062099030915,0.13582528203773098,0.5009928904560466,0.11670948347941874,-0.10176226946573741,0.12626738275857485,p15,2007-05-01,2007
0.2791911485585814,0.15986411702744996,0.17748844469768166,0.10305485671870389,0.10170270386089975,0.13145948687307693,p7,2007-06-01,2007
0.2627927377434799,0.17127451844263572,0.19421355392813988,0.09858196215211239,0.06857918381534,0.13492824029737405,p16,2007-06-01,2007
0.31570154552550705,0.17542178939225764,0.2477122680349183,0.1159072788637844,0.06798927749058875,0.14566453412802102,p14,2007-07-01,2007
0.3335592239463775,0.1813260663483379,0.2945106909784859,0.12477010296650724,0.03904853296789157,0.15304808465742256,p19,2007-08-01,2007
0.21474178133998958,0.12753564724615388,0.1622154465489748,0.08485791981864453,0.05252633479101479,0.1061967835323992,p13,2008-01-01,2008
0.21730498975668136,0.1310813060334887,0.16885840707646793,0.08677895074035001,0.04844658268021343,0.10893012838691934,p18,2008-02-01,2008
0.21793212929044148,0.09760045929255713,0.17515457154805908,0.07999991580498468,0.0427775577423824,0.0888001875487709,p1,2008-06-01,2008
0.20637516637569478,0.12572264602617544,0.17861767239079976,0.0807581985812119,0.02775749398489502,0.10324042230369368,p12,2008-08-01,2008
0.21274670275515162,0.142079115989538,0.19688100793270133,0.09432401150438621,0.015865694822450288,0.11820156374696211,p6,2008-11-01,2008
0.2026716929579452,0.10283727932942655,0.187039572096513,0.09253986157287634,0.015632120861432203,0.09768857045115145,p3,2008-11-01,2008
0.18669084483318177,0.10929541149033942,0.19215566863274622,0.08438566794112097,-0.00546482379956445,0.0968405397157302,p5,2008-11-01,2008
0.2557846952150336,0.0942445582772989,0.23821318545950287,0.14209120237129616,0.017571509755530734,0.11816788032429754,p8,2009-01-01,2009
0.19667850907980525,0.09657965956039985,0.20893132734145559,0.09874043269153666,-0.012252818261650339,0.09766004612596826,p267,2009-04-01,2009
0.2745516071919523,0.10938828789421112,0.2785845665004704,0.15300339880611238,-0.004032959308518103,0.13119584335016177,p50,2009-05-01,2009
0.2507667409894077,0.12024431621264786,0.2877923132418636,0.13964752651635176,-0.037025572252455896,0.1299459213644998,p266,2009-05-01,2009
0.18382346962061444,0.11808899887568232,0.16255029364613557,0.10810719038354578,0.021273175974478864,0.11309809462961405,p263,2009-06-01,2009
0.3227173952217076,0.15275789194348147,0.2920704568881287,0.14088038443742948,0.0306469383335789,0.14681913819045547,p10,2009-07-01,2009
0.20640799622986794,0.13802296924182644,0.19317175926075938,0.11892920292064037,0.013236236969108556,0.1284760860812334,p265,2009-08-01,2009
0.17703111129142363,0.10065268639359522,0.18908379280986298,0.09529901276278177,-0.012052681518439357,0.0979758495781885,p270,2009-08-01,2009
0.16601578680724566,0.0899035501669587,0.19510479657497398,0.11950927045346894,-0.029089009767728324,0.10470641031021383,p264,2009-10-01,2009
0.22233092739010266,0.1120067063770647,0.27363865316055763,0.14376501617823575,-0.051307725770454976,0.12788586127765023,p11,2009-11-01,2009
0.15920230930033857,0.08853236304690264,0.18458951860017359,0.11629055202426793,-0.025387209299835012,0.10241145753558528,p2,2009-12-01,2009
0.3068276632808884,0.12783266048899644,0.3794594988206594,0.16087266688383794,-0.07263183553977098,0.1443526636864172,p268,2009-12-01,2009
0.3021533357577219,0.12569077239094403,0.25288823165164837,0.11753033184106709,0.04926510410607354,0.12161055211600556,p259,2010-01-01,2010
0.18813949855505058,0.09833067563370336,0.2498326609995967,0.13454270788889824,-0.06169316244454612,0.11643669176130081,p271,2010-03-01,2010
0.25239657939688726,0.1378504904987572,0.3516705996660116,0.15224498996151065,-0.09927402026912435,0.14504774023013392,p261,2010-05-01,2010
0.20720778601002357,0.10915288461134963,0.19003867598625615,0.10481179794534715,0.01716911002376742,0.10698234127834838,p262,2010-05-01,2010
0.3624781532385887,0.15192997446587794,0.28892384413895095,0.13732651050830855,0.07355430909963773,0.14462824248709324,p260,2010-11-01,2010
0.22089548682669166,0.11729738998192801,0.1898413539149008,0.1011083104198256,0.03105413291179085,0.1092028502008768,p52,2011-01-01,2011
0.19244896305291312,0.08644741637692785,0.19823770502324023,0.13934291400748935,-0.00578874197032711,0.1128951651922086,p64,2011-02-01,2011
0.26086080777646137,0.15184842859153327,0.3546877308303502,0.1585678004607678,-0.09382692305388884,0.15520811452615052,p58,2011-06-01,2011
0.19374460385077064,0.0893761022283468,0.19334175185701086,0.14047812644254956,0.00040285199375977854,0.11492711433544818,p55,2011-10-01,2011
0.1865574435191732,0.09574652056096246,0.1921605221686301,0.14274012023007715,-0.005603078649456916,0.1192433203955198,p269,2011-10-01,2011
0.18927806027751895,0.11916091899638828,0.19053380942593837,0.11210714519929586,-0.001255749148419416,0.11563403209784207,p56,2011-12-01,2011
0.16922840819883997,0.1020997108079251,0.19906119719395993,0.129933473113814,-0.029832788995119958,0.11601659196086955,p51,2012-08-01,2012
0.18942678010022165,0.08487819001785414,0.0,0.0,0.18942678010022165,0.04243909500892707,p60,2012-08-01,2012
0.22985841190645342,0.12997879931791537,0.0,0.0,0.22985841190645342,0.06498939965895768,p57,2012-11-01,2012
0.3847346840786474,0.14371342973723872,0.0,0.0,0.3847346840786474,0.07185671486861936,p63,2013-02-01,2013
0.41928146760310847,0.15351734855307805,0.0,0.0,0.41928146760310847,0.07675867427653903,p69,2013-02-01,2013
0.2037848952467478,0.11716654949583742,0.0,0.0,0.2037848952467478,0.05858327474791871,p54,2013-11-01,2013
0.20823616658241928,0.11878256975275332,0.0,0.0,0.20823616658241928,0.05939128487637666,p59,2013-12-01,2013
0.24197691897901008,0.1277459829154663,0.0,0.0,0.24197691897901008,0.06387299145773315,p61,2013-12-01,2013
0.2084559275886949,0.12313328832873054,0.0,0.0,0.2084559275886949,0.06156664416436527,p72,2014-04-01,2014
0.38633562504022617,0.15766627408703102,0.0,0.0,0.38633562504022617,0.07883313704351551,p53,2014-06-01,2014
0.24978265447791478,0.12336213145702789,0.0,0.0,0.24978265447791478,0.061681065728513944,p62,2014-12-01,2014
0.26109276138065785,0.12978788111804307,0.0,0.0,0.26109276138065785,0.06489394055902153,p73,2017-03-01,2017
0.20312904004928117,0.12448391035262338,0.0,0.0,0.20312904004928117,0.06224195517631169,p74,2018-03-01,2018
0.1920525504698187,0.12588099267264824,0.0,0.0,0.1920525504698187,0.06294049633632412,p71,2019-06-01,2019
0.5036637463185003,0.15263693324663014,0.0,0.0,0.5036637463185003,0.07631846662331507,p67,2020-01-01,2020
0.20050229036430328,0.14096449264868277,0.0,0.0,0.20050229036430328,0.07048224632434139,p68,2020-03-01,2020
0.19462384881440856,0.11641892163725072,0.0,0.0,0.19462384881440856,0.05820946081862536,p76,2020-07-01,2020
0.18469291672411223,0.13330944844013107,0.0,0.0,0.18469291672411223,0.06665472422006553,p66,2021-01-01,2021
0.18604790461817736,0.12112570395447288,0.0,0.0,0.18604790461817736,0.06056285197723644,p70,2021-01-01,2021
0.36602368853640327,0.15904391378073543,0.0,0.0,0.36602368853640327,0.07952195689036771,p75,2021-02-01,2021
0.21647469726937518,0.11904000286820159,0.0,0.0,0.21647469726937518,0.05952000143410079,p65,2021-05-01,2021
